Filename,Title,Description
"Type3DiabetesEvaluatingNewDrug","Evaluation of ND-300 for Type 3 Diabetes Management","This clinical trial assesses the potential of a novel drug, ND-300, in managing Type 3 diabetes or diabetes secondary to Alzheimer's disease (AD). Type 3 diabetes is characterized by insulin resistance and impaired glucose metabolism in the brain, often accompanying AD. ND-300 is a unique formulation designed to enhance cerebral insulin sensitivity and improve cognitive function. This randomized, controlled trial aims to determine ND-300's efficacy in improving glycemic control and cognitive symptoms associated with Type 3 diabetes."
"InsulinSensitivityandMetabolicControl","Evaluation of MET-200 for Improving Insulin Sensitivity and Metabolic Control","This clinical trial assesses the effectiveness of MET-200, an innovative metabolic enhancer, in improving insulin sensitivity and overall metabolic control in patients with type 2 diabetes mellitus. Type 2 diabetes is characterized by insulin resistance and inadequate glycemic regulation. MET-200 is a once-daily oral medication designed to enhance insulin sensitivity and improve glucose metabolism. This randomized, controlled trial aims to evaluate MET-200's impact on glycemic control, insulin resistance, and related cardiovascular risk factors."
"PreventingDiabeticRetinopathy","Evaluation of DRX-111 for Preventing Diabetic Retinopathy","This clinical trial assesses the potential of DRX-111, an innovative intravitreal medication, in preventing or slowing the progression of diabetic retinopathy (DR). DR is a common and sight-threatening complication of diabetes, affecting the blood vessels in the retina. DRX-111 is a sustained-release formulation of a novel anti-angiogenic and anti-inflammatory compound. This randomized, controlled trial aims to determine the efficacy and safety of DRX-111 in preventing the development and progression of DR in patients with type 1 diabetes mellitus."
"OnceDailyDual-ActionDiabetes","Once-Daily, Dual-Action Diabetes Drug (AG-200) Trial","This clinical trial evaluates the efficacy and safety of a novel, once-daily, dual-action diabetes drug, AG-200, in managing type 2 diabetes mellitus. Type 2 diabetes is a chronic metabolic disorder characterized by inadequate glycemic control, which can lead to serious health complications. AG-200 is a unique combination therapy that simultaneously targets both glucose absorption and insulin sensitivity. This randomized, controlled trial aims to assess the impact of AG-200 on glycemic control, insulin resistance, and other related cardiovascular risk factors."
"GlycemicControlinType2Diabetes","Evaluation of AGI-101 in Glycemic Control of Type 2 Diabetes","This clinical trial assesses the effectiveness of AGI-101, a novel oral medication, in improving glycemic control in patients with type 2 diabetes mellitus. Type 2 diabetes is a chronic condition characterized by inadequate glycemic regulation, leading to various health complications. AGI-101 is a once-daily, oral dual GLP-1 receptor agonist and glucagon receptor antagonist that has demonstrated potential in preclinical studies for improving glucose tolerance and reducing blood sugar levels. This randomized, controlled trial aims to evaluate AGI-101's impact on glycemic control and other cardiovascular risk factors associated with type 2 diabetes."
"DiabeticPeripheralNeuropathyTreatment","Evaluation of DPX-200 for Diabetic Peripheral Neuropathy Treatment","This clinical trial evaluates the safety and efficacy of DPX-200, a novel oral medication, in treating diabetic peripheral neuropathy (DPN). DPN is a chronic condition affecting peripheral nerves, causing pain, numbness, and impaired sensory function. It significantly impacts the lives of people with diabetes. DPX-200 is a well-tolerated, selective sodium channel blocker that has demonstrated potential in pre-clinical studies for alleviating neuropathic pain. This double-blind, placebo-controlled trial aims to assess the therapeutic benefits of DPX-200 in improving symptoms associated with DPN."
"DietandDrugInterventionforType2Diabetes","A Randomized Controlled Trial of Diet and Drug Intervention for Type 2 Diabetes Management","This randomized controlled trial evaluated the effectiveness of a combined dietary and pharmacological intervention in managing Type 2 diabetes. The aim was to determine whether the synergy between a targeted diet plan and a new anti-diabetic medication could lead to improved glycemic control and other health outcomes."
"CardiovascularOutcomesTrialforDiabetesDrug","A Phase IV Cardiovascular Outcomes Trial of Diabetes Drug "X": Safety and Efficacy Evaluation","This phase IV cardiovascular outcomes trial was designed to evaluate the long-term effects of Diabetes Drug X on cardiovascular events in patients with type 2 diabetes. With an increasing prevalence of cardiovascular complications in diabetic patients, this study aimed to assess the drug's impact on reducing such risks."
"NewInsulinFormulationforType1Diabetes","A Phase I Clinical Trial of Autologous CAR T-Cell Therapy for Type 1 Diabetes Using New Insulin Formulation","This phase I clinical trial aims to evaluate the safety and preliminary efficacy of a novel autologous CAR T-cell therapy for the treatment of Type 1 diabetes. This innovative approach seeks to harness the potential of immune cell modification to restore insulin production and alleviate the disease's symptoms."
"High-RiskNeuroblastoma","A Phase 1/2a Clinical Trial of an Investigational CAR T-Cell Therapy Targeting GD2 for High-Risk Neuroblastoma","This first-in-human phase 1/2a clinical trial evaluates the safety and preliminary efficacy of a novel chimeric antigen receptor (CAR) T-cell therapy, designated as CAR-GD2, in patients with high-risk neuroblastoma. CAR-GD2 is designed to target the GD2 antigen, which is highly expressed on neuroblastoma cells."
"AcuteLymphoblasticLeukemia","Phase 2 Clinical Trial of an Investigational CAR T-Cell Therapy for Relapsed or Refractory B-Cell Acute Lymphoblastic Leukemia (B-ALL)","This phase 2 clinical trial evaluates the efficacy and safety of a novel chimeric antigen receptor (CAR) T-cell therapy, CTL-119, in patients with relapsed or refractory B-cell ALL. CTL-119 is designed to target a specific antigen expressed on leukemia cells to mediate their elimination."
"AdvancedNon-HodgkinLymphoma","A Phase 3 Clinical Trial of an Investigational Targeted Therapy for Relapsed or Refractory Aggressive Non-Hodgkin Lymphoma","This pivotal phase 3 clinical trial evaluates the efficacy and safety of an investigational small molecule inhibitor, TKI-547, in patients with relapsed or refractory aggressive non-Hodgkin lymphoma. TKI-547 is designed to selectively target and inhibit a key signaling pathway active in lymphoma cells. Preclinical studies have shown promising anti-lymphoma activity."
"InvestigationalTargetedTherapyforSolidTumors","A Phase II Clinical Trial of Investigational Targeted Therapy Y in Patients with Advanced Solid Tumors","This phase II clinical trial evaluated the safety and preliminary efficacy of a novel investigational targeted therapy, Therapy Y, in treating patients with advanced solid tumors. Therapy Y is designed to inhibit a specific molecular pathway known to be implicated in tumor growth and metastasis. The aim of this study was to assess the potential of this targeted approach for various solid tumor types."
"ImmunotherapyforAdvancedMelanoma","A Phase 2 Clinical Trial of an Investigational Immunotherapy for Advanced Melanoma","This phase 2 clinical trial evaluates the efficacy and safety of an investigational immune checkpoint inhibitor, designated as ICI-123, in patients with advanced melanoma. ICI-123 is designed to block a specific immune checkpoint molecule that inhibits the anti-tumor immune response. Preclinical studies have demonstrated its potential to enhance T-cell activity against tumor cells."
"NewlyDiagnosedMultipleMyeloma","A Phase 3 Randomized Clinical Trial of an Investigational Drug for Newly Diagnosed Multiple Myeloma","This phase 3 clinical trial evaluates the efficacy and safety of an investigational immunomodulatory drug, IMiD-4, as part of a combination therapy for newly diagnosed multiple myeloma. IMiD-4 is designed to modulate the immune system's response to myeloma cells and has shown promising activity in earlier phase trials."
"AcuteMyeloidLeukemia","A Phase 3 Randomized Clinical Trial of an Investigational Drug for the Primary Treatment of Acute Myeloid Leukemia (AML)","This phase 3 clinical trial evaluates the efficacy and safety of an investigational targeted therapy, BCR-X, as a primary treatment for patients with newly diagnosed acute myeloid leukemia (AML). BCR-X inhibits a specific protein that plays a critical role in leukemic cell survival. Preclinical studies have demonstrated its potential to induce apoptosis in AML cells."
"AdvancedNon-SmallCellLungCancer","A Phase 3 Randomized, Controlled Clinical Trial of an Investigational Drug for Advanced Non-Small Cell Lung Cancer (NSCLC)","This phase 3 clinical trial evaluates the efficacy and safety of an investigational drug, AZD-3, in combination with standard chemotherapy for the treatment of advanced non-small cell lung cancer (NSCLC). AZD-3 is a novel small molecule designed to inhibit tumor cell proliferation by targeting a specific kinase. Phase 2 studies have shown promising activity of AZD-3 in NSCLC."
"AdvancedPancreaticCancer","A Phase 1b Safety and Dose-Finding Clinical Trial of an Investigational Drug for Advanced Pancreatic Cancer","This phase 1b clinical trial evaluates the safety and dose-limiting toxicities of a novel investigational drug, AB-201, in patients with advanced pancreatic cancer. AB-201 is a first-in-class small molecule designed to inhibit a specific cellular pathway implicated in tumor growth. Preclinical studies have shown promising anti-tumor activity and a favorable safety profile."
"RecurrentOrMetastaticSolidTumors","A Randomized, Double-Blind, Placebo-Controlled Phase 2 Clinical Trial of an Investigational Immunotherapy for Recurrent or Metastatic Solid Tumors","This phase 2 clinical trial evaluates the efficacy and safety of an investigational immunotherapy agent, designated as IMC-V, in patients with recurrent or metastatic solid tumors. IMC-V is a novel immune checkpoint inhibitor targeting the immunosuppressive pathway. Preclinical studies have demonstrated its potential to enhance anti-tumor immune responses."
"AcuteLiverFailure","A Randomized, Open-Label Trial of Stem Cell Therapy for Acute Liver Failure","Acute liver failure (ALF) is a life-threatening condition with limited treatment options. This clinical trial evaluates the safety and efficacy of a novel stem cell therapy in treating patients with acute liver failure."
"HepaticEncephalopathy","A Randomized, Double-Blind, Placebo-Controlled Trial of Probiotic Supplementation in Preventing Hepatic Encephalopathy (HE) Recurrence","Hepatic encephalopathy (HE) is a serious neurological complication associated with advanced liver disease. This clinical trial aims to evaluate the effectiveness of a probiotic supplement in preventing the recurrence of HE episodes and improving cognitive function in cirrhosis patients."
"HepatitisAVirus","A Randomized, Double-Blind, Placebo-Controlled Trial of 'Immunoglobulin X' for the Treatment of Hepatitis A Virus (HAV) Infection","Hepatitis A Virus (HAV) infection remains a global health concern, especially in regions with inadequate sanitation. This clinical trial evaluates the efficacy and safety of a novel immunoglobulin therapy, 'Immunoglobulin X', in treating acute HAV infection."
"HepatitisDeltaVirus","A Randomized, Double-Blind, Placebo-Controlled Trial of the Novel Antiviral 'HDV-X' for Hepatitis Delta Virus (HDV) Infection","Hepatitis Delta Virus (HDV) infection is a severe and often chronic viral hepatitis with limited treatment options. This clinical trial evaluates the efficacy and safety of a novel antiviral agent, 'HDV-X', in treating HDV infection."
"Hepatoblastoma","A Multicenter, Open-Label Phase II Trial of 'Compound Q' in Hepatoblastoma","Hepatoblastoma is a rare and aggressive childhood liver cancer with limited treatment options. This clinical trial evaluates the efficacy and safety of a novel targeted therapy, 'Compound Q', in treating hepatoblastoma."
"HepatocellularCarcinoma","A Randomized, Open-Label Phase II Trial of Abemaciclib in Advanced Hepatocellular Carcinoma (HCC)","Hepatocellular carcinoma (HCC) is a formidable global health challenge with limited treatment options, especially for advanced-stage disease. This clinical trial evaluates the efficacy and safety of abemaciclib, a cyclin-dependent kinase (CDK) inhibitor, in treating advanced HCC."
"LiverCirrhosis","A Randomized, Double-Blind, Placebo-Controlled Trial of 'Cirrinol' for Liver Cirrhosis Treatment","Liver cirrhosis is a severe and often irreversible consequence of chronic liver damage. This clinical trial evaluates the efficacy and safety of a novel therapeutic agent, 'Cirrinol', in treating patients with liver cirrhosis."
"LiverTransplantation","A Prospective, Single-Arm Trial of an Innovative Liver Transplantation Technique","Liver transplantation is a life-saving procedure for end-stage liver disease, but the demand for donor organs exceeds availability. This clinical trial evaluates the safety and efficacy of an innovative liver transplantation technique aimed at improving graft utilization and reducing waitlist times."
"NonAlcoholicFattyLiverDisease","A Randomized, Controlled Trial of Lifestyle Intervention and Drug 'N' in Non-Alcoholic Fatty Liver Disease (NAFLD)","Non-alcoholic fatty liver disease (NAFLD) is a growing health concern worldwide, and effective treatments are needed. This clinical trial evaluates the impact of a comprehensive lifestyle intervention program and the additional benefit of Drug 'N' in treating NAFLD."
"Non-AlcoholicSteatohepatitis","A Randomized, Double-Blind, Placebo-Controlled Trial of the Effects of Drug 'M' on Non-Alcoholic Steatohepatitis (NASH)","Non-alcoholic steatohepatitis (NASH) is an increasingly prevalent liver disease with limited therapeutic options. This clinical trial evaluates the potential of an experimental drug, 'M', in treating NASH and improving liver health."
"PrimaryBiliaryCholangitis","A Randomized, Double-Blind, Placebo-Controlled Trial of Ursodiol Plus Experimental Drug 'P' in Primary Biliary Cholangitis (PBC)","Primary biliary cholangitis (PBC) is a chronic liver disease characterized by progressive cholestasis. This clinical trial evaluates the efficacy and safety of combining ursodiol, a standard PBC treatment, with an experimental drug, 'P', in improving liver health."
